method,lead_h,station,soundings,mean_error_km,rmse_km,max_error_km,mean_error_1500m_km,mean_error_3000m_km,mean_error_5000m_km,mean_error_7000m_km,mean_error_9000m_km,mean_error_12000m_km,mean_error_16000m_km,crossings_hit,crossings_miss,crossings_false,entry_height_error_m,entry_time_error_min
spline/hold/constant/bilinear,6,all,28,2.601,3.458,14.409,1.128,1.363,1.634,2.344,3.090,3.944,4.914,24,2,3,1480.481,4.935
step/hold/constant/bilinear,6,all,28,2.602,3.453,14.305,1.128,1.347,1.637,2.354,3.105,3.957,4.897,23,3,3,1297.085,4.324
pchip/hold/constant/bilinear,6,all,28,2.602,3.457,14.315,1.128,1.364,1.642,2.351,3.097,3.951,4.894,24,2,4,1480.673,4.936
poly3/hold/constant/bilinear,6,all,28,2.604,3.463,14.571,1.128,1.375,1.646,2.348,3.097,3.943,4.905,24,2,4,1468.863,4.896
linear/hold/constant/bilinear,6,all,28,2.606,3.458,14.305,1.128,1.347,1.644,2.356,3.105,3.979,4.897,23,3,3,1292.274,4.308
poly3/observed/measured/bilinear,6,all,28,2.650,3.654,15.184,1.066,1.445,1.840,2.556,3.258,4.070,4.496,25,1,4,990.011,3.300
spline/power/constant/bilinear,6,all,28,2.650,3.534,14.538,1.075,1.387,1.658,2.444,3.189,4.016,5.000,24,2,4,1393.154,4.644
step/power/constant/bilinear,6,all,28,2.652,3.529,14.434,1.075,1.370,1.661,2.454,3.205,4.030,4.983,24,2,4,1409.715,4.699
pchip/power/constant/bilinear,6,all,28,2.652,3.533,14.444,1.075,1.388,1.666,2.450,3.196,4.025,4.982,24,2,4,1390.826,4.636
poly3/power/constant/bilinear,6,all,28,2.654,3.538,14.700,1.075,1.398,1.669,2.447,3.195,4.016,4.990,24,2,4,1385.895,4.620
linear/power/constant/bilinear,6,all,28,2.657,3.534,14.434,1.075,1.370,1.671,2.455,3.205,4.053,4.984,24,2,4,1404.901,4.683
spline/power/measured/bilinear,6,all,28,2.669,3.627,14.538,1.163,1.556,1.929,2.560,3.303,4.009,4.329,24,2,4,1393.154,4.644
pchip/power/measured/bilinear,6,all,28,2.672,3.626,14.444,1.163,1.557,1.938,2.567,3.310,4.015,4.318,24,2,4,1390.818,4.636
poly3/power/measured/bilinear,6,all,28,2.672,3.629,14.700,1.163,1.568,1.940,2.564,3.312,4.010,4.315,24,2,4,1385.893,4.620
step/power/measured/bilinear,6,all,28,2.675,3.628,14.421,1.163,1.539,1.936,2.574,3.321,4.025,4.336,24,2,4,1408.446,4.695
linear/power/measured/bilinear,6,all,28,2.675,3.627,14.434,1.163,1.537,1.943,2.572,3.320,4.033,4.325,24,2,4,1404.895,4.683
spline/hold/measured/bilinear,6,all,28,2.676,3.618,14.409,1.194,1.599,1.980,2.518,3.281,4.011,4.311,24,2,3,1480.477,4.935
pchip/observed/measured/bilinear,6,all,28,2.677,3.662,14.982,1.141,1.511,1.890,2.586,3.285,4.046,4.456,25,1,4,1245.684,4.152
pchip/hold/measured/bilinear,6,all,28,2.678,3.617,14.315,1.194,1.600,1.989,2.525,3.287,4.017,4.300,24,2,4,1480.673,4.936
poly3/hold/measured/bilinear,6,all,28,2.679,3.621,14.571,1.194,1.611,1.993,2.523,3.289,4.012,4.294,24,2,4,1468.869,4.896
linear/hold/measured/bilinear,6,all,28,2.682,3.619,14.305,1.194,1.581,1.993,2.532,3.295,4.036,4.308,23,3,3,1292.276,4.308
step/hold/measured/bilinear,6,all,28,2.682,3.620,14.292,1.194,1.583,1.987,2.533,3.296,4.027,4.319,23,3,3,1290.204,4.301
spline/observed/measured/bilinear,6,all,28,2.684,3.678,15.047,1.126,1.512,1.911,2.600,3.278,4.048,4.493,25,1,4,1223.395,4.078
poly3/observed/constant/bilinear,6,all,28,2.700,3.656,15.184,1.016,1.339,1.651,2.517,3.241,4.170,5.195,25,1,4,990.009,3.300
pchip/observed/constant/bilinear,6,all,28,2.723,3.660,14.982,1.098,1.400,1.697,2.545,3.268,4.149,5.124,25,1,4,1245.697,4.152
spline/observed/constant/bilinear,6,all,28,2.737,3.687,15.047,1.099,1.405,1.719,2.567,3.275,4.158,5.161,25,1,4,1223.423,4.078
step/observed/measured/bilinear,6,all,28,2.752,3.720,14.900,1.213,1.646,2.026,2.686,3.318,4.054,4.492,25,1,4,1284.690,4.282
linear/observed/measured/bilinear,6,all,28,2.756,3.724,14.913,1.222,1.651,2.028,2.687,3.323,4.070,4.486,24,2,4,1264.364,4.215
poly3/zero/measured/bilinear,6,all,28,2.805,3.754,15.123,1.229,1.624,2.027,2.734,3.402,4.178,4.618,25,1,4,1006.453,3.355
step/observed/constant/bilinear,6,all,28,2.811,3.745,14.913,1.202,1.542,1.831,2.658,3.341,4.188,5.126,25,1,4,1283.827,4.279
linear/observed/constant/bilinear,6,all,28,2.815,3.750,14.913,1.202,1.542,1.836,2.658,3.341,4.212,5.126,24,2,4,1264.353,4.215
pchip/zero/measured/bilinear,6,all,28,2.868,3.785,14.905,1.349,1.728,2.111,2.807,3.457,4.182,4.613,25,1,4,1235.360,4.118
poly3/zero/constant/bilinear,6,all,28,2.880,3.799,15.123,1.220,1.538,1.845,2.712,3.427,4.331,5.309,25,1,4,1006.450,3.355
spline/zero/measured/bilinear,6,all,28,2.897,3.818,14.975,1.378,1.756,2.156,2.845,3.465,4.195,4.657,25,1,4,1250.311,4.168
pchip/zero/constant/bilinear,6,all,28,2.938,3.832,14.905,1.340,1.638,1.926,2.780,3.490,4.341,5.270,25,1,4,1235.368,4.118
spline/zero/constant/bilinear,6,all,28,2.974,3.878,14.975,1.372,1.669,1.972,2.823,3.516,4.366,5.314,25,1,4,1250.295,4.168
poly3/observed/measured/nearest,6,all,28,2.987,3.884,13.280,1.178,1.690,2.202,2.958,3.763,4.337,4.969,25,1,3,1736.680,5.789
spline/hold/constant/nearest,6,all,28,2.989,3.773,13.460,1.283,1.690,2.088,2.791,3.649,4.195,5.446,23,3,4,1905.959,6.353
pchip/hold/constant/nearest,6,all,28,2.990,3.771,13.475,1.283,1.691,2.098,2.798,3.652,4.201,5.421,23,3,3,1907.164,6.357
step/hold/constant/nearest,6,all,28,2.991,3.776,13.540,1.283,1.677,2.095,2.809,3.664,4.206,5.423,23,3,4,2208.625,7.362
poly3/hold/constant/nearest,6,all,28,2.993,3.776,13.490,1.283,1.701,2.107,2.801,3.654,4.191,5.433,23,3,3,1905.277,6.351
linear/hold/constant/nearest,6,all,28,2.996,3.780,13.550,1.283,1.677,2.109,2.811,3.663,4.226,5.423,23,3,4,1911.932,6.373
pchip/observed/measured/nearest,6,all,28,2.999,3.877,13.123,1.232,1.728,2.229,2.982,3.772,4.318,4.916,24,2,4,1752.103,5.840
spline/observed/measured/nearest,6,all,28,3.004,3.888,13.130,1.212,1.726,2.221,2.991,3.773,4.333,4.960,24,2,4,1734.462,5.782
spline/power/constant/nearest,6,all,28,3.025,3.820,13.275,1.229,1.659,2.076,2.885,3.735,4.288,5.524,23,3,3,1941.391,6.471
pchip/power/constant/nearest,6,all,28,3.025,3.818,13.291,1.229,1.659,2.085,2.893,3.739,4.293,5.499,23,3,3,1939.659,6.466
step/zero/measured/bilinear,6,all,28,3.026,3.909,14.811,1.532,1.952,2.331,2.999,3.564,4.261,4.705,23,3,3,1334.017,4.447
step/power/constant/nearest,6,all,28,3.027,3.821,13.356,1.229,1.647,2.082,2.903,3.750,4.298,5.500,23,3,3,1945.911,6.486
spline/power/measured/nearest,6,all,28,3.028,3.879,13.275,1.323,1.865,2.368,2.981,3.783,4.236,4.808,23,3,3,1941.388,6.471
pchip/power/measured/nearest,6,all,28,3.028,3.878,13.291,1.323,1.865,2.378,2.989,3.788,4.237,4.784,23,3,3,1939.660,6.466
poly3/power/constant/nearest,6,all,28,3.028,3.822,13.305,1.229,1.669,2.093,2.895,3.740,4.283,5.511,24,2,3,2007.342,6.691
linear/power/constant/nearest,6,all,28,3.031,3.825,13.365,1.229,1.647,2.096,2.904,3.750,4.317,5.499,23,3,3,1946.052,6.487
linear/power/measured/nearest,6,all,28,3.033,3.885,13.365,1.323,1.851,2.391,3.000,3.799,4.251,4.781,23,3,3,1946.050,6.487
poly3/power/measured/nearest,6,all,28,3.033,3.881,13.305,1.323,1.875,2.386,2.993,3.790,4.235,4.796,24,2,3,2007.342,6.691
step/power/measured/nearest,6,all,28,3.033,3.886,13.358,1.323,1.853,2.378,3.001,3.801,4.248,4.796,23,3,3,1945.841,6.486
linear/zero/measured/bilinear,6,all,28,3.038,3.920,14.824,1.548,1.964,2.336,3.008,3.576,4.289,4.708,23,3,3,1312.545,4.375
spline/hold/measured/nearest,6,all,28,3.040,3.898,13.460,1.367,1.946,2.453,2.983,3.767,4.184,4.743,23,3,4,1905.962,6.353
pchip/hold/measured/nearest,6,all,28,3.041,3.897,13.475,1.367,1.947,2.464,2.993,3.772,4.185,4.722,23,3,3,1907.167,6.357
poly3/observed/constant/nearest,6,all,28,3.043,3.913,13.280,1.109,1.573,2.005,2.933,3.773,4.444,5.702,25,1,3,1736.680,5.789
linear/hold/measured/nearest,6,all,28,3.045,3.905,13.550,1.367,1.931,2.475,3.005,3.782,4.197,4.719,23,3,4,1911.939,6.373
poly3/hold/measured/nearest,6,all,28,3.046,3.900,13.490,1.367,1.957,2.472,2.997,3.775,4.180,4.733,23,3,3,1905.282,6.351
step/hold/measured/nearest,6,all,28,3.046,3.906,13.542,1.367,1.933,2.464,3.003,3.785,4.199,4.736,23,3,4,2207.863,7.360
pchip/observed/constant/nearest,6,all,28,3.048,3.900,13.139,1.159,1.605,2.029,2.949,3.783,4.405,5.636,24,2,4,1752.098,5.840
step/observed/measured/nearest,6,all,28,3.052,3.920,13.098,1.257,1.809,2.300,3.063,3.802,4.360,4.955,24,2,4,1891.418,6.305
linear/observed/measured/nearest,6,all,28,3.058,3.925,13.106,1.264,1.814,2.310,3.066,3.807,4.379,4.949,24,2,4,1937.626,6.459
spline/observed/constant/nearest,6,all,28,3.061,3.926,13.396,1.160,1.612,2.034,2.962,3.794,4.421,5.680,24,2,4,1734.458,5.782
poly3/zero/measured/nearest,6,all,28,3.110,3.972,13.083,1.325,1.839,2.302,3.102,3.878,4.451,5.060,24,2,4,1766.363,5.888
step/observed/constant/nearest,6,all,28,3.114,3.976,13.711,1.240,1.703,2.115,3.035,3.843,4.437,5.657,24,2,4,1891.325,6.304
step/zero/constant/bilinear,6,all,28,3.115,4.000,14.823,1.541,1.877,2.156,2.989,3.654,4.458,5.334,23,3,3,1333.641,4.445
linear/zero/constant/bilinear,6,all,28,3.118,4.005,14.824,1.541,1.877,2.154,2.989,3.654,4.481,5.334,23,3,3,1312.544,4.375
linear/observed/constant/nearest,6,all,28,3.118,3.979,13.711,1.240,1.703,2.126,3.036,3.840,4.455,5.655,24,2,4,1937.580,6.459
pchip/zero/measured/nearest,6,all,28,3.159,3.989,12.914,1.421,1.923,2.372,3.166,3.917,4.462,5.030,24,2,4,1729.956,5.767
spline/zero/measured/nearest,6,all,28,3.185,4.014,12.889,1.437,1.953,2.396,3.190,3.930,4.489,5.080,24,2,4,1699.442,5.665
poly3/zero/constant/nearest,6,all,28,3.197,4.045,13.566,1.299,1.755,2.137,3.111,3.930,4.588,5.792,24,2,4,1766.366,5.888
pchip/zero/constant/nearest,6,all,28,3.239,4.061,13.680,1.400,1.835,2.202,3.168,3.970,4.580,5.743,24,2,4,1729.950,5.766
spline/zero/constant/nearest,6,all,28,3.269,4.103,13.998,1.431,1.868,2.228,3.195,3.993,4.606,5.793,24,2,4,1699.450,5.665
step/zero/measured/nearest,6,all,28,3.295,4.091,12.800,1.569,2.102,2.551,3.323,4.010,4.573,5.111,24,2,4,1691.526,5.638
linear/zero/measured/nearest,6,all,28,3.307,4.104,12.808,1.584,2.113,2.563,3.334,4.020,4.600,5.113,25,1,4,1627.898,5.426
step/zero/constant/nearest,6,all,28,3.387,4.215,14.461,1.580,2.030,2.389,3.337,4.099,4.686,5.806,24,2,4,1690.668,5.636
linear/zero/constant/nearest,6,all,28,3.389,4.218,14.461,1.580,2.030,2.394,3.337,4.097,4.703,5.804,25,1,4,1627.871,5.426
step/hold/constant/bilinear,6,03808,8,2.336,3.154,9.814,0.924,0.924,1.181,1.783,2.146,3.608,5.785,,,,,
spline/hold/constant/bilinear,6,03808,8,2.340,3.156,9.967,0.924,0.938,1.207,1.797,2.143,3.601,5.770,,,,,
pchip/hold/constant/bilinear,6,03808,8,2.340,3.154,9.910,0.924,0.942,1.215,1.800,2.149,3.603,5.749,,,,,
linear/hold/constant/bilinear,6,03808,8,2.342,3.161,9.814,0.924,0.924,1.196,1.784,2.145,3.636,5.784,,,,,
poly3/hold/constant/bilinear,6,03808,8,2.343,3.162,10.010,0.924,0.947,1.223,1.793,2.146,3.588,5.776,,,,,
spline/power/constant/bilinear,6,03808,8,2.504,3.376,10.833,0.829,1.138,1.271,2.001,2.359,3.811,6.119,,,,,
step/power/constant/bilinear,6,03808,8,2.505,3.375,10.682,0.829,1.130,1.256,1.992,2.366,3.826,6.134,,,,,
pchip/power/constant/bilinear,6,03808,8,2.506,3.374,10.776,0.829,1.141,1.283,2.005,2.366,3.818,6.098,,,,,
poly3/power/constant/bilinear,6,03808,8,2.507,3.380,10.874,0.829,1.143,1.289,1.998,2.363,3.801,6.125,,,,,
linear/power/constant/bilinear,6,03808,8,2.511,3.381,10.682,0.829,1.130,1.273,1.993,2.366,3.856,6.134,,,,,
spline/power/measured/bilinear,6,03808,8,2.553,3.664,10.080,1.166,1.748,2.181,2.343,2.619,3.608,4.207,,,,,
pchip/power/measured/bilinear,6,03808,8,2.555,3.662,10.076,1.166,1.751,2.194,2.348,2.624,3.604,4.195,,,,,
linear/power/measured/bilinear,6,03808,8,2.558,3.669,10.158,1.166,1.732,2.188,2.341,2.629,3.618,4.233,,,,,
poly3/power/measured/bilinear,6,03808,8,2.559,3.667,10.126,1.166,1.757,2.201,2.342,2.627,3.595,4.225,,,,,
step/power/measured/bilinear,6,03808,8,2.561,3.674,10.163,1.166,1.734,2.173,2.346,2.633,3.622,4.250,,,,,
poly3/observed/measured/bilinear,6,03808,8,2.577,3.710,10.127,1.140,1.707,1.949,2.328,2.461,3.732,4.723,,,,,
spline/hold/measured/bilinear,6,03808,8,2.602,3.698,10.079,1.184,1.779,2.379,2.340,2.670,3.721,4.141,,,,,
pchip/hold/measured/bilinear,6,03808,8,2.603,3.696,10.075,1.184,1.783,2.391,2.343,2.673,3.716,4.132,,,,,
pchip/observed/measured/bilinear,6,03808,8,2.604,3.702,10.077,1.169,1.799,2.049,2.389,2.517,3.662,4.641,,,,,
linear/hold/measured/bilinear,6,03808,8,2.605,3.702,10.158,1.184,1.761,2.378,2.336,2.673,3.727,4.177,,,,,
poly3/hold/measured/bilinear,6,03808,8,2.605,3.702,10.125,1.184,1.789,2.400,2.339,2.677,3.708,4.141,,,,,
step/hold/measured/bilinear,6,03808,8,2.607,3.706,10.162,1.184,1.762,2.363,2.340,2.678,3.730,4.194,,,,,
spline/observed/measured/bilinear,6,03808,8,2.615,3.715,10.081,1.147,1.811,2.061,2.396,2.486,3.676,4.724,,,,,
step/observed/measured/bilinear,6,03808,8,2.685,3.741,10.162,1.221,1.944,2.211,2.510,2.515,3.624,4.773,,,,,
linear/observed/measured/bilinear,6,03808,8,2.702,3.751,10.160,1.247,1.964,2.221,2.519,2.533,3.649,4.781,,,,,
poly3/observed/constant/bilinear,6,03808,8,2.746,3.722,12.032,0.925,1.306,1.311,2.243,2.531,4.256,6.650,,,,,
pchip/observed/constant/bilinear,6,03808,8,2.782,3.730,12.085,0.982,1.384,1.402,2.300,2.593,4.242,6.571,,,,,
spline/hold/constant/nearest,6,03808,8,2.782,3.715,10.971,0.939,1.056,1.386,1.949,2.777,4.478,6.890,,,,,
pchip/hold/constant/nearest,6,03808,8,2.783,3.714,10.911,0.939,1.062,1.402,1.948,2.780,4.486,6.867,,,,,
step/hold/constant/nearest,6,03808,8,2.785,3.718,10.776,0.939,1.040,1.372,1.945,2.793,4.495,6.907,,,,,
poly3/hold/constant/nearest,6,03808,8,2.786,3.722,11.029,0.939,1.064,1.412,1.946,2.778,4.473,6.891,,,,,
linear/hold/constant/nearest,6,03808,8,2.792,3.724,10.789,0.939,1.040,1.400,1.945,2.793,4.523,6.903,,,,,
spline/observed/constant/bilinear,6,03808,8,2.820,3.780,12.292,1.020,1.409,1.419,2.337,2.615,4.287,6.652,,,,,
poly3/zero/measured/bilinear,6,03808,8,2.821,3.855,10.128,1.368,2.052,2.248,2.600,2.642,3.832,5.005,,,,,
pchip/zero/measured/bilinear,6,03808,8,2.911,3.888,10.078,1.499,2.195,2.399,2.748,2.745,3.807,4.982,,,,,
spline/hold/measured/nearest,6,03808,8,2.927,4.065,11.601,1.260,1.958,2.614,2.544,3.037,4.129,4.948,,,,,
pchip/hold/measured/nearest,6,03808,8,2.930,4.064,11.598,1.260,1.965,2.631,2.550,3.044,4.130,4.930,,,,,
linear/hold/measured/nearest,6,03808,8,2.932,4.073,11.697,1.260,1.940,2.633,2.549,3.056,4.139,4.948,,,,,
poly3/hold/measured/nearest,6,03808,8,2.936,4.071,11.648,1.260,1.967,2.640,2.556,3.046,4.120,4.962,,,,,
step/hold/measured/nearest,6,03808,8,2.936,4.078,11.688,1.260,1.941,2.607,2.545,3.065,4.158,4.977,,,,,
step/observed/constant/bilinear,6,03808,8,2.942,3.886,12.558,1.151,1.565,1.571,2.477,2.737,4.370,6.724,,,,,
linear/observed/constant/bilinear,6,03808,8,2.948,3.893,12.559,1.152,1.565,1.581,2.474,2.737,4.401,6.724,,,,,
spline/zero/measured/bilinear,6,03808,8,2.960,3.929,10.083,1.572,2.260,2.454,2.796,2.729,3.826,5.084,,,,,
spline/power/measured/nearest,6,03808,8,2.961,4.074,11.602,1.283,1.909,2.446,2.515,3.077,4.250,5.244,,,,,
pchip/power/measured/nearest,6,03808,8,2.961,4.073,11.598,1.283,1.915,2.464,2.515,3.081,4.251,5.219,,,,,
linear/power/measured/nearest,6,03808,8,2.968,4.085,11.697,1.283,1.899,2.470,2.513,3.100,4.268,5.239,,,,,
poly3/power/measured/nearest,6,03808,8,2.968,4.080,11.648,1.283,1.913,2.472,2.519,3.083,4.245,5.257,,,,,
step/power/measured/nearest,6,03808,8,2.971,4.089,11.689,1.283,1.901,2.444,2.518,3.109,4.277,5.265,,,,,
spline/power/constant/nearest,6,03808,8,2.998,3.957,11.887,0.927,1.179,1.475,2.254,3.064,4.829,7.256,,,,,
pchip/power/constant/nearest,6,03808,8,2.999,3.955,11.827,0.927,1.184,1.488,2.254,3.067,4.838,7.234,,,,,
poly3/power/constant/nearest,6,03808,8,3.001,3.963,11.944,0.927,1.183,1.497,2.252,3.065,4.824,7.257,,,,,
step/power/constant/nearest,6,03808,8,3.002,3.960,11.690,0.927,1.171,1.463,2.253,3.081,4.845,7.272,,,,,
linear/power/constant/nearest,6,03808,8,3.008,3.965,11.688,0.927,1.171,1.486,2.251,3.081,4.873,7.267,,,,,
poly3/observed/measured/nearest,6,03808,8,3.042,4.163,11.649,1.249,1.768,2.244,2.630,3.185,4.491,5.725,,,,,
pchip/observed/measured/nearest,6,03808,8,3.062,4.160,11.599,1.260,1.842,2.313,2.673,3.204,4.473,5.667,,,,,
spline/observed/measured/nearest,6,03808,8,3.081,4.180,11.603,1.228,1.848,2.301,2.717,3.212,4.500,5.762,,,,,
poly3/zero/constant/bilinear,6,03808,8,3.098,4.018,12.520,1.302,1.723,1.639,2.579,2.862,4.583,6.996,,,,,
step/zero/measured/bilinear,6,03808,8,3.128,4.029,10.162,1.774,2.489,2.695,3.022,2.840,3.863,5.212,,,,,
step/observed/measured/nearest,6,03808,8,3.156,4.218,11.688,1.221,1.970,2.428,2.845,3.270,4.529,5.831,,,,,
linear/zero/measured/bilinear,6,03808,8,3.169,4.061,10.162,1.825,2.534,2.715,3.058,2.879,3.931,5.242,,,,,
linear/observed/measured/nearest,6,03808,8,3.178,4.234,11.698,1.245,1.988,2.450,2.860,3.290,4.569,5.840,,,,,
pchip/zero/constant/bilinear,6,03808,8,3.200,4.078,12.627,1.440,1.859,1.785,2.711,2.999,4.625,6.977,,,,,
poly3/zero/measured/nearest,6,03808,8,3.253,4.329,11.650,1.460,2.068,2.334,2.838,3.326,4.698,6.050,,,,,
poly3/observed/constant/nearest,6,03808,8,3.260,4.291,13.079,0.965,1.329,1.584,2.596,3.362,5.263,7.722,,,,,
spline/zero/constant/bilinear,6,03808,8,3.273,4.165,12.891,1.523,1.933,1.846,2.780,3.047,4.699,7.084,,,,,
pchip/observed/constant/nearest,6,03808,8,3.280,4.303,13.139,0.976,1.395,1.653,2.620,3.393,5.259,7.661,,,,,
spline/observed/constant/nearest,6,03808,8,3.328,4.361,13.396,1.013,1.426,1.684,2.681,3.434,5.308,7.750,,,,,
pchip/zero/measured/nearest,6,03808,8,3.341,4.366,11.600,1.542,2.204,2.476,2.967,3.404,4.737,6.057,,,,,
spline/zero/measured/nearest,6,03808,8,3.401,4.412,11.605,1.577,2.267,2.532,3.039,3.429,4.795,6.170,,,,,
step/observed/constant/nearest,6,03808,8,3.455,4.484,13.711,1.136,1.585,1.832,2.825,3.566,5.405,7.835,,,,,
linear/observed/constant/nearest,6,03808,8,3.459,4.488,13.711,1.136,1.585,1.846,2.822,3.562,5.430,7.828,,,,,
step/zero/constant/bilinear,6,03808,8,3.521,4.389,13.301,1.779,2.215,2.128,3.056,3.299,4.901,7.267,,,,,
linear/zero/constant/bilinear,6,03808,8,3.523,4.395,13.300,1.779,2.215,2.115,3.052,3.299,4.931,7.267,,,,,
step/zero/measured/nearest,6,03808,8,3.590,4.522,11.688,1.759,2.499,2.783,3.272,3.574,4.922,6.323,,,,,
poly3/zero/constant/nearest,6,03808,8,3.596,4.595,13.566,1.333,1.749,1.792,2.931,3.652,5.620,8.098,,,,,
linear/zero/measured/nearest,6,03808,8,3.632,4.561,11.700,1.810,2.542,2.808,3.308,3.609,4.990,6.360,,,,,
pchip/zero/constant/nearest,6,03808,8,3.687,4.658,13.680,1.441,1.877,1.925,3.044,3.745,5.670,8.103,,,,,
spline/zero/constant/nearest,6,03808,8,3.766,4.750,13.998,1.528,1.955,1.989,3.125,3.805,5.749,8.212,,,,,
step/zero/constant/nearest,6,03808,8,4.016,4.986,14.461,1.777,2.241,2.275,3.401,4.043,5.958,8.414,,,,,
linear/zero/constant/nearest,6,03808,8,4.017,4.990,14.461,1.777,2.241,2.266,3.396,4.043,5.986,8.408,,,,,
poly3/zero/constant/bilinear,6,10238,1,2.013,2.139,3.311,1.630,2.150,1.200,2.129,2.573,3.311,1.096,,,,,
poly3/observed/constant/bilinear,6,10238,1,2.097,2.219,3.401,1.696,2.220,1.296,2.220,2.659,3.401,1.188,,,,,
poly3/zero/constant/nearest,6,10238,1,2.099,2.223,3.433,1.583,2.103,1.259,2.383,2.628,3.433,1.304,,,,,
spline/zero/constant/bilinear,6,10238,1,2.156,2.268,3.435,1.767,2.286,1.304,2.242,2.697,3.435,1.359,,,,,
poly3/observed/constant/nearest,6,10238,1,2.187,2.306,3.531,1.643,2.171,1.357,2.476,2.720,3.531,1.412,,,,,
pchip/zero/constant/bilinear,6,10238,1,2.189,2.296,3.442,1.805,2.309,1.343,2.283,2.736,3.442,1.403,,,,,
spline/observed/constant/bilinear,6,10238,1,2.259,2.366,3.545,1.848,2.373,1.421,2.352,2.802,3.545,1.470,,,,,
step/zero/constant/bilinear,6,10238,1,2.259,2.361,3.494,1.886,2.395,1.361,2.347,2.788,3.494,1.540,,,,,
linear/zero/constant/bilinear,6,10238,1,2.261,2.356,3.442,1.886,2.395,1.415,2.357,2.790,3.442,1.540,,,,,
spline/zero/constant/nearest,6,10238,1,2.279,2.388,3.595,1.739,2.266,1.405,2.538,2.787,3.595,1.625,,,,,
pchip/observed/constant/bilinear,6,10238,1,2.336,2.437,3.594,1.939,2.440,1.501,2.435,2.886,3.594,1.555,,,,,
pchip/zero/constant/nearest,6,10238,1,2.343,2.445,3.626,1.807,2.315,1.470,2.605,2.857,3.626,1.723,,,,,
step/observed/constant/bilinear,6,10238,1,2.383,2.480,3.628,1.984,2.500,1.502,2.480,2.917,3.628,1.672,,,,,
linear/observed/constant/bilinear,6,10238,1,2.385,2.475,3.576,1.984,2.500,1.554,2.489,2.918,3.576,1.673,,,,,
spline/observed/constant/nearest,6,10238,1,2.387,2.492,3.714,1.816,2.350,1.523,2.651,2.899,3.714,1.756,,,,,
linear/zero/constant/nearest,6,10238,1,2.400,2.491,3.601,1.874,2.388,1.538,2.660,2.897,3.601,1.845,,,,,
step/zero/constant/nearest,6,10238,1,2.401,2.498,3.660,1.874,2.388,1.487,2.656,2.897,3.660,1.845,,,,,
step/power/constant/bilinear,6,10238,1,2.444,2.537,3.724,1.939,2.470,1.649,2.567,2.976,3.724,1.783,,,,,
linear/power/constant/bilinear,6,10238,1,2.444,2.533,3.674,1.939,2.470,1.690,2.576,2.978,3.674,1.783,,,,,
poly3/power/constant/bilinear,6,10238,1,2.461,2.565,3.792,1.939,2.520,1.728,2.615,3.033,3.792,1.600,,,,,
spline/power/constant/bilinear,6,10238,1,2.465,2.562,3.780,1.939,2.497,1.705,2.588,3.011,3.780,1.733,,,,,
pchip/power/constant/bilinear,6,10238,1,2.468,2.563,3.758,1.939,2.501,1.709,2.598,3.023,3.758,1.744,,,,,
pchip/observed/constant/nearest,6,10238,1,2.497,2.593,3.788,1.940,2.446,1.631,2.763,3.015,3.788,1.895,,,,,
linear/hold/constant/bilinear,6,10238,1,2.522,2.608,3.761,1.982,2.515,1.800,2.663,3.054,3.761,1.882,,,,,
step/hold/constant/bilinear,6,10238,1,2.523,2.613,3.810,1.982,2.515,1.763,2.655,3.053,3.810,1.882,,,,,
linear/observed/constant/nearest,6,10238,1,2.532,2.619,3.748,1.969,2.492,1.680,2.798,3.034,3.748,2.004,,,,,
step/observed/constant/nearest,6,10238,1,2.533,2.626,3.806,1.969,2.492,1.632,2.794,3.034,3.806,2.004,,,,,
poly3/hold/constant/bilinear,6,10238,1,2.541,2.641,3.878,1.982,2.565,1.841,2.705,3.109,3.878,1.707,,,,,
spline/hold/constant/bilinear,6,10238,1,2.545,2.639,3.867,1.982,2.542,1.819,2.679,3.088,3.867,1.839,,,,,
pchip/hold/constant/bilinear,6,10238,1,2.548,2.640,3.846,1.982,2.546,1.823,2.688,3.100,3.846,1.848,,,,,
linear/power/constant/nearest,6,10238,1,2.600,2.690,3.887,1.900,2.443,1.808,2.881,3.113,3.887,2.172,,,,,
step/power/constant/nearest,6,10238,1,2.604,2.699,3.944,1.900,2.443,1.770,2.878,3.113,3.944,2.181,,,,,
poly3/power/constant/nearest,6,10238,1,2.631,2.737,4.036,1.900,2.508,1.866,2.951,3.187,4.036,1.974,,,,,
spline/power/constant/nearest,6,10238,1,2.632,2.731,4.020,1.900,2.478,1.834,2.918,3.157,4.020,2.114,,,,,
pchip/power/constant/nearest,6,10238,1,2.640,2.738,3.999,1.900,2.485,1.843,2.931,3.176,3.999,2.147,,,,,
linear/hold/constant/nearest,6,10238,1,2.681,2.770,3.989,1.931,2.479,1.912,2.966,3.195,3.989,2.294,,,,,
step/hold/constant/nearest,6,10238,1,2.683,2.778,4.044,1.931,2.479,1.878,2.963,3.195,4.044,2.294,,,,,
poly3/hold/constant/nearest,6,10238,1,2.712,2.816,4.136,1.931,2.545,1.973,3.037,3.269,4.136,2.092,,,,,
spline/hold/constant/nearest,6,10238,1,2.714,2.812,4.121,1.931,2.515,1.943,3.006,3.240,4.121,2.241,,,,,
pchip/hold/constant/nearest,6,10238,1,2.722,2.818,4.100,1.931,2.522,1.951,3.018,3.259,4.100,2.271,,,,,
poly3/zero/measured/bilinear,6,10238,1,3.189,3.447,5.538,1.611,2.257,1.928,3.090,4.355,5.538,3.545,,,,,
poly3/observed/measured/bilinear,6,10238,1,3.288,3.540,5.639,1.690,2.347,2.040,3.197,4.457,5.639,3.648,,,,,
poly3/zero/measured/nearest,6,10238,1,3.337,3.616,5.713,1.555,2.195,2.013,3.387,4.456,5.713,4.036,,,,,
spline/zero/measured/bilinear,6,10238,1,3.341,3.591,5.671,1.758,2.401,2.026,3.202,4.484,5.671,3.845,,,,,
pchip/zero/measured/bilinear,6,10238,1,3.378,3.624,5.681,1.801,2.429,2.064,3.244,4.527,5.681,3.903,,,,,
poly3/observed/measured/nearest,6,10238,1,3.439,3.715,5.823,1.626,2.282,2.126,3.497,4.563,5.823,4.157,,,,,
linear/zero/measured/bilinear,6,10238,1,3.448,3.684,5.689,1.886,2.511,2.107,3.302,4.574,5.689,4.066,,,,,
spline/observed/measured/bilinear,6,10238,1,3.460,3.704,5.793,1.854,2.510,2.160,3.331,4.607,5.793,3.969,,,,,
step/zero/measured/bilinear,6,10238,1,3.495,3.741,5.792,1.886,2.525,2.116,3.355,4.630,5.792,4.162,,,,,
spline/zero/measured/nearest,6,10238,1,3.534,3.807,5.888,1.725,2.374,2.160,3.548,4.625,5.888,4.419,,,,,
pchip/observed/measured/bilinear,6,10238,1,3.544,3.780,5.848,1.954,2.585,2.239,3.416,4.696,5.848,4.070,,,,,
linear/observed/measured/bilinear,6,10238,1,3.592,3.822,5.838,1.999,2.642,2.270,3.457,4.723,5.838,4.215,,,,,
pchip/zero/measured/nearest,6,10238,1,3.603,3.870,5.925,1.800,2.429,2.223,3.617,4.700,5.925,4.525,,,,,
step/observed/measured/bilinear,6,10238,1,3.639,3.878,5.940,1.999,2.655,2.278,3.510,4.778,5.940,4.310,,,,,
spline/observed/measured/nearest,6,10238,1,3.659,3.927,6.021,1.816,2.480,2.296,3.681,4.754,6.021,4.563,,,,,
linear/zero/measured/nearest,6,10238,1,3.660,3.918,5.908,1.871,2.503,2.271,3.663,4.736,5.908,4.666,,,,,
linear/power/measured/bilinear,6,10238,1,3.684,3.914,5.937,1.970,2.662,2.479,3.603,4.817,5.937,4.322,,,,,
poly3/power/measured/bilinear,6,10238,1,3.698,3.930,6.058,1.970,2.719,2.528,3.654,4.878,6.058,4.076,,,,,
spline/power/measured/bilinear,6,10238,1,3.703,3.937,6.041,1.970,2.693,2.506,3.625,4.854,6.041,4.230,,,,,
pchip/power/measured/bilinear,6,10238,1,3.708,3.942,6.023,1.970,2.698,2.509,3.635,4.869,6.023,4.256,,,,,
step/zero/measured/nearest,6,10238,1,3.714,3.983,6.026,1.871,2.518,2.286,3.729,4.801,6.026,4.766,,,,,
step/power/measured/bilinear,6,10238,1,3.729,3.968,6.036,1.970,2.676,2.490,3.652,4.869,6.036,4.414,,,,,
pchip/observed/measured/nearest,6,10238,1,3.776,4.034,6.103,1.951,2.586,2.401,3.795,4.877,6.103,4.715,,,,,
linear/hold/measured/bilinear,6,10238,1,3.780,4.005,6.030,2.029,2.735,2.618,3.718,4.910,6.030,4.420,,,,,
poly3/hold/measured/bilinear,6,10238,1,3.794,4.022,6.150,2.029,2.792,2.669,3.770,4.971,6.150,4.178,,,,,
spline/hold/measured/bilinear,6,10238,1,3.800,4.029,6.134,2.029,2.766,2.648,3.742,4.947,6.134,4.332,,,,,
pchip/hold/measured/bilinear,6,10238,1,3.805,4.034,6.116,2.029,2.772,2.650,3.751,4.962,6.116,4.357,,,,,
linear/observed/measured/nearest,6,10238,1,3.811,4.064,6.070,1.981,2.633,2.436,3.823,4.894,6.070,4.839,,,,,
step/hold/measured/bilinear,6,10238,1,3.825,4.058,6.128,2.029,2.749,2.630,3.765,4.961,6.128,4.511,,,,,
step/observed/measured/nearest,6,10238,1,3.864,4.128,6.187,1.980,2.648,2.451,3.888,4.957,6.187,4.937,,,,,
linear/power/measured/nearest,6,10238,1,3.902,4.165,6.207,1.922,2.627,2.625,3.955,4.999,6.207,4.978,,,,,
poly3/power/measured/nearest,6,10238,1,3.934,4.197,6.362,1.922,2.703,2.697,4.038,5.083,6.362,4.735,,,,,
spline/power/measured/nearest,6,10238,1,3.937,4.205,6.340,1.922,2.669,2.665,4.003,5.049,6.340,4.912,,,,,
pchip/power/measured/nearest,6,10238,1,3.946,4.213,6.323,1.922,2.678,2.673,4.015,5.071,6.323,4.940,,,,,
step/power/measured/nearest,6,10238,1,3.954,4.227,6.320,1.922,2.643,2.642,4.016,5.060,6.320,5.073,,,,,
linear/hold/measured/nearest,6,10238,1,3.996,4.258,6.315,1.968,2.689,2.755,4.063,5.096,6.315,5.087,,,,,
poly3/hold/measured/nearest,6,10238,1,4.029,4.291,6.469,1.968,2.766,2.829,4.148,5.180,6.469,4.846,,,,,
spline/hold/measured/nearest,6,10238,1,4.033,4.299,6.447,1.968,2.732,2.799,4.113,5.147,6.447,5.023,,,,,
pchip/hold/measured/nearest,6,10238,1,4.043,4.309,6.431,1.968,2.741,2.806,4.126,5.169,6.431,5.060,,,,,
step/hold/measured/nearest,6,10238,1,4.049,4.321,6.426,1.968,2.706,2.773,4.124,5.156,6.426,5.190,,,,,
spline/hold/measured/bilinear,6,10393,5,1.657,1.793,3.559,1.275,1.936,1.886,1.624,1.650,1.458,1.772,,,,,
pchip/hold/measured/bilinear,6,10393,5,1.671,1.804,3.545,1.275,1.937,1.905,1.648,1.669,1.481,1.780,,,,,
step/hold/measured/bilinear,6,10393,5,1.674,1.805,3.491,1.275,1.922,1.904,1.679,1.693,1.493,1.754,,,,,
linear/hold/measured/bilinear,6,10393,5,1.674,1.803,3.440,1.275,1.917,1.923,1.687,1.696,1.484,1.737,,,,,
poly3/hold/measured/bilinear,6,10393,5,1.679,1.815,3.693,1.275,1.947,1.915,1.649,1.676,1.485,1.805,,,,,
poly3/observed/measured/bilinear,6,10393,5,1.681,1.816,3.200,1.449,2.092,2.023,1.679,1.658,1.325,1.537,,,,,
pchip/observed/measured/bilinear,6,10393,5,1.751,1.881,2.944,1.542,2.183,2.115,1.759,1.747,1.374,1.535,,,,,
spline/observed/measured/bilinear,6,10393,5,1.763,1.898,2.990,1.593,2.231,2.140,1.765,1.747,1.353,1.514,,,,,
spline/power/measured/bilinear,6,10393,5,1.782,1.900,3.243,1.455,2.120,2.066,1.779,1.798,1.536,1.720,,,,,
pchip/power/measured/bilinear,6,10393,5,1.796,1.912,3.230,1.455,2.121,2.086,1.803,1.817,1.558,1.735,,,,,
step/power/measured/bilinear,6,10393,5,1.799,1.912,3.176,1.455,2.106,2.083,1.832,1.840,1.568,1.710,,,,,
linear/power/measured/bilinear,6,10393,5,1.800,1.912,3.124,1.455,2.101,2.101,1.841,1.845,1.559,1.698,,,,,
poly3/power/measured/bilinear,6,10393,5,1.801,1.921,3.377,1.455,2.132,2.095,1.804,1.824,1.563,1.737,,,,,
linear/observed/measured/bilinear,6,10393,5,1.877,2.025,3.280,1.730,2.361,2.310,1.935,1.913,1.411,1.480,,,,,
step/observed/measured/bilinear,6,10393,5,1.880,2.025,3.266,1.726,2.364,2.295,1.931,1.910,1.433,1.501,,,,,
spline/hold/constant/bilinear,6,10393,5,1.914,2.183,6.575,1.331,2.006,1.990,1.731,1.798,1.743,2.802,,,,,
step/hold/constant/bilinear,6,10393,5,1.923,2.181,6.445,1.331,1.988,2.004,1.785,1.847,1.768,2.734,,,,,
pchip/hold/constant/bilinear,6,10393,5,1.924,2.190,6.545,1.331,2.008,2.008,1.754,1.817,1.763,2.790,,,,,
poly3/observed/constant/bilinear,6,10393,5,1.924,2.174,6.228,1.511,2.168,2.132,1.793,1.809,1.476,2.582,,,,,
poly3/zero/measured/bilinear,6,10393,5,1.925,2.038,3.108,1.684,2.329,2.279,1.968,1.956,1.614,1.642,,,,,
linear/hold/constant/bilinear,6,10393,5,1.929,2.187,6.446,1.331,1.988,2.027,1.796,1.847,1.778,2.735,,,,,
poly3/hold/constant/bilinear,6,10393,5,1.937,2.208,6.681,1.331,2.017,2.018,1.755,1.824,1.759,2.857,,,,,
pchip/observed/constant/bilinear,6,10393,5,1.958,2.191,5.885,1.599,2.253,2.217,1.869,1.889,1.457,2.425,,,,,
spline/observed/constant/bilinear,6,10393,5,1.968,2.200,5.853,1.648,2.299,2.242,1.874,1.889,1.423,2.401,,,,,
spline/power/constant/bilinear,6,10393,5,2.006,2.236,6.254,1.509,2.187,2.166,1.883,1.941,1.702,2.651,,,,,
step/power/constant/bilinear,6,10393,5,2.015,2.235,6.124,1.509,2.169,2.180,1.936,1.991,1.728,2.589,,,,,
pchip/power/constant/bilinear,6,10393,5,2.017,2.244,6.224,1.509,2.189,2.184,1.907,1.959,1.724,2.644,,,,,
linear/power/constant/bilinear,6,10393,5,2.020,2.241,6.125,1.509,2.169,2.202,1.947,1.991,1.736,2.590,,,,,
poly3/power/constant/bilinear,6,10393,5,2.028,2.260,6.359,1.509,2.198,2.194,1.908,1.966,1.721,2.700,,,,,
poly3/observed/measured/nearest,6,10393,5,2.032,2.152,3.282,1.556,2.545,2.455,2.094,2.194,1.280,2.098,,,,,
pchip/zero/measured/bilinear,6,10393,5,2.037,2.141,3.251,1.808,2.453,2.408,2.089,2.084,1.708,1.709,,,,,
step/observed/constant/bilinear,6,10393,5,2.042,2.261,5.405,1.778,2.422,2.387,2.032,2.049,1.423,2.203,,,,,
linear/observed/constant/bilinear,6,10393,5,2.046,2.266,5.407,1.777,2.422,2.404,2.042,2.049,1.427,2.204,,,,,
spline/zero/measured/bilinear,6,10393,5,2.066,2.172,3.310,1.871,2.514,2.446,2.114,2.111,1.720,1.682,,,,,
spline/hold/measured/nearest,6,10393,5,2.105,2.225,3.186,1.556,2.581,2.501,2.199,2.301,1.348,2.246,,,,,
linear/hold/measured/nearest,6,10393,5,2.111,2.229,3.149,1.556,2.535,2.545,2.272,2.352,1.335,2.183,,,,,
step/hold/measured/nearest,6,10393,5,2.113,2.228,3.130,1.556,2.539,2.524,2.263,2.341,1.360,2.205,,,,,
pchip/hold/measured/nearest,6,10393,5,2.114,2.237,3.179,1.556,2.582,2.533,2.239,2.326,1.345,2.219,,,,,
spline/observed/measured/nearest,6,10393,5,2.127,2.276,3.568,1.743,2.729,2.609,2.231,2.349,1.317,1.910,,,,,
poly3/zero/constant/bilinear,6,10393,5,2.129,2.335,6.072,1.736,2.394,2.377,2.071,2.100,1.683,2.540,,,,,
pchip/observed/measured/nearest,6,10393,5,2.130,2.277,3.551,1.733,2.707,2.620,2.263,2.371,1.310,1.903,,,,,
poly3/hold/measured/nearest,6,10393,5,2.141,2.262,3.276,1.556,2.611,2.560,2.254,2.352,1.365,2.286,,,,,
pchip/zero/constant/bilinear,6,10393,5,2.201,2.385,5.707,1.853,2.512,2.497,2.186,2.217,1.711,2.433,,,,,
spline/power/measured/nearest,6,10393,5,2.207,2.336,3.388,1.711,2.738,2.656,2.343,2.453,1.427,2.123,,,,,
linear/power/measured/nearest,6,10393,5,2.214,2.340,3.417,1.711,2.691,2.698,2.415,2.504,1.417,2.061,,,,,
step/power/measured/nearest,6,10393,5,2.214,2.339,3.398,1.711,2.695,2.678,2.406,2.493,1.435,2.083,,,,,
pchip/power/measured/nearest,6,10393,5,2.218,2.348,3.420,1.711,2.738,2.686,2.383,2.478,1.429,2.098,,,,,
spline/zero/constant/bilinear,6,10393,5,2.222,2.406,5.654,1.914,2.570,2.534,2.210,2.243,1.694,2.393,,,,,
poly3/observed/constant/nearest,6,10393,5,2.239,2.413,4.792,1.617,2.614,2.558,2.207,2.337,1.076,3.265,,,,,
step/observed/measured/nearest,6,10393,5,2.239,2.418,3.881,1.884,2.845,2.783,2.435,2.541,1.420,1.766,,,,,
linear/observed/measured/nearest,6,10393,5,2.240,2.422,3.894,1.889,2.843,2.801,2.442,2.552,1.411,1.742,,,,,
poly3/zero/measured/nearest,6,10393,5,2.243,2.360,3.503,1.778,2.779,2.712,2.385,2.480,1.498,2.069,,,,,
poly3/power/measured/nearest,6,10393,5,2.245,2.371,3.426,1.711,2.768,2.713,2.398,2.504,1.459,2.160,,,,,
step/zero/measured/bilinear,6,10393,5,2.248,2.360,3.647,2.045,2.697,2.658,2.349,2.348,1.894,1.743,,,,,
linear/zero/measured/bilinear,6,10393,5,2.249,2.363,3.662,2.050,2.695,2.678,2.359,2.357,1.877,1.726,,,,,
spline/observed/constant/nearest,6,10393,5,2.300,2.481,4.365,1.793,2.788,2.702,2.337,2.481,0.962,3.035,,,,,
pchip/observed/constant/nearest,6,10393,5,2.306,2.483,4.323,1.783,2.767,2.712,2.366,2.502,0.990,3.023,,,,,
spline/hold/constant/nearest,6,10393,5,2.319,2.477,4.933,1.605,2.639,2.591,2.298,2.434,1.316,3.347,,,,,
step/hold/constant/nearest,6,10393,5,2.323,2.472,4.769,1.605,2.594,2.610,2.360,2.486,1.337,3.270,,,,,
pchip/hold/constant/nearest,6,10393,5,2.328,2.484,4.842,1.605,2.639,2.621,2.337,2.458,1.324,3.312,,,,,
linear/hold/constant/nearest,6,10393,5,2.329,2.477,4.769,1.605,2.594,2.635,2.372,2.486,1.343,3.270,,,,,
poly3/hold/constant/nearest,6,10393,5,2.352,2.514,5.057,1.605,2.667,2.648,2.352,2.483,1.323,3.389,,,,,
step/zero/constant/bilinear,6,10393,5,2.356,2.525,5.153,2.084,2.742,2.737,2.438,2.480,1.758,2.249,,,,,
linear/zero/constant/bilinear,6,10393,5,2.360,2.530,5.155,2.084,2.742,2.757,2.448,2.480,1.761,2.250,,,,,
step/observed/constant/nearest,6,10393,5,2.372,2.569,4.076,1.930,2.895,2.865,2.530,2.674,0.909,2.801,,,,,
linear/observed/constant/nearest,6,10393,5,2.376,2.574,4.076,1.930,2.895,2.886,2.541,2.674,0.908,2.801,,,,,
pchip/zero/measured/nearest,6,10393,5,2.381,2.526,3.819,1.990,2.978,2.918,2.597,2.696,1.582,1.904,,,,,
spline/zero/measured/nearest,6,10393,5,2.389,2.536,3.841,2.012,3.014,2.919,2.585,2.698,1.599,1.898,,,,,
spline/power/constant/nearest,6,10393,5,2.392,2.548,4.635,1.758,2.792,2.742,2.439,2.582,1.246,3.188,,,,,
step/power/constant/nearest,6,10393,5,2.397,2.544,4.471,1.758,2.747,2.760,2.501,2.634,1.267,3.110,,,,,
pchip/power/constant/nearest,6,10393,5,2.402,2.556,4.544,1.758,2.792,2.771,2.477,2.606,1.256,3.153,,,,,
linear/power/constant/nearest,6,10393,5,2.402,2.550,4.471,1.758,2.747,2.785,2.512,2.634,1.272,3.110,,,,,
poly3/zero/constant/nearest,6,10393,5,2.420,2.575,4.600,1.830,2.838,2.804,2.487,2.615,1.220,3.148,,,,,
poly3/power/constant/nearest,6,10393,5,2.426,2.585,4.759,1.758,2.821,2.798,2.492,2.631,1.257,3.229,,,,,
pchip/zero/constant/nearest,6,10393,5,2.520,2.681,4.105,2.029,3.026,2.997,2.687,2.817,1.185,2.898,,,,,
spline/zero/constant/nearest,6,10393,5,2.524,2.688,4.126,2.052,3.060,2.999,2.676,2.819,1.165,2.896,,,,,
step/zero/measured/nearest,6,10393,5,2.566,2.739,4.231,2.199,3.184,3.158,2.861,2.965,1.809,1.788,,,,,
linear/zero/measured/nearest,6,10393,5,2.569,2.746,4.236,2.204,3.184,3.180,2.873,2.980,1.800,1.764,,,,,
step/zero/constant/nearest,6,10393,5,2.656,2.836,4.414,2.233,3.221,3.226,2.942,3.090,1.237,2.640,,,,,
linear/zero/constant/nearest,6,10393,5,2.659,2.841,4.414,2.233,3.221,3.249,2.953,3.090,1.228,2.640,,,,,
step/hold/measured/bilinear,6,24122,7,2.287,2.989,9.427,0.587,0.887,1.374,2.341,3.722,4.048,3.709,10,0,2,573.453,1.912
linear/hold/constant/bilinear,6,24122,7,2.289,2.996,9.486,0.587,0.887,1.352,2.338,3.725,4.083,3.711,10,0,2,583.199,1.944
linear/hold/measured/bilinear,6,24122,7,2.289,2.996,9.486,0.587,0.887,1.352,2.338,3.725,4.083,3.711,10,0,2,583.205,1.944
poly3/hold/constant/bilinear,6,24122,7,2.289,2.991,9.412,0.587,0.884,1.358,2.353,3.734,4.044,3.723,10,0,3,583.622,1.945
poly3/hold/measured/bilinear,6,24122,7,2.289,2.991,9.412,0.587,0.884,1.358,2.353,3.734,4.044,3.723,10,0,3,583.624,1.945
step/hold/constant/bilinear,6,24122,7,2.289,2.992,9.431,0.587,0.887,1.375,2.345,3.725,4.050,3.711,10,0,2,588.446,1.961
pchip/hold/measured/bilinear,6,24122,7,2.293,2.997,9.429,0.587,0.882,1.362,2.355,3.741,4.059,3.728,10,0,3,585.142,1.950
pchip/hold/constant/bilinear,6,24122,7,2.293,2.997,9.429,0.587,0.882,1.362,2.355,3.741,4.059,3.728,10,0,3,585.146,1.950
spline/hold/measured/bilinear,6,24122,7,2.299,3.000,9.394,0.587,0.884,1.364,2.355,3.746,4.060,3.763,10,0,2,587.378,1.958
spline/hold/constant/bilinear,6,24122,7,2.299,3.000,9.394,0.587,0.884,1.364,2.355,3.746,4.060,3.763,10,0,2,587.386,1.958
poly3/hold/constant/nearest,6,24122,7,2.351,2.945,8.678,0.603,0.968,1.573,2.340,3.663,4.011,4.008,10,0,2,709.573,2.365
poly3/hold/measured/nearest,6,24122,7,2.351,2.945,8.679,0.603,0.968,1.573,2.340,3.663,4.011,4.008,10,0,2,709.579,2.365
step/power/measured/bilinear,6,24122,7,2.357,3.113,9.775,0.561,0.831,1.424,2.537,3.887,4.159,3.754,10,0,3,527.916,1.760
linear/hold/constant/nearest,6,24122,7,2.358,2.956,8.764,0.603,0.979,1.569,2.338,3.666,4.051,4.016,10,0,3,707.422,2.358
linear/hold/measured/nearest,6,24122,7,2.358,2.956,8.764,0.603,0.979,1.569,2.338,3.666,4.051,4.016,10,0,3,707.436,2.358
step/power/constant/bilinear,6,24122,7,2.358,3.115,9.779,0.561,0.831,1.424,2.540,3.890,4.162,3.756,10,0,3,529.555,1.765
step/hold/measured/nearest,6,24122,7,2.358,2.952,8.721,0.603,0.979,1.598,2.340,3.665,4.020,4.015,10,0,3,706.095,2.354
linear/power/constant/bilinear,6,24122,7,2.359,3.119,9.835,0.561,0.831,1.409,2.534,3.890,4.194,3.756,10,0,3,518.459,1.728
pchip/hold/measured/nearest,6,24122,7,2.359,2.956,8.714,0.603,0.968,1.578,2.344,3.671,4.029,4.038,10,0,2,708.398,2.361
pchip/hold/constant/nearest,6,24122,7,2.359,2.956,8.714,0.603,0.968,1.578,2.344,3.671,4.029,4.038,10,0,2,708.386,2.361
linear/power/measured/bilinear,6,24122,7,2.359,3.119,9.835,0.561,0.831,1.409,2.534,3.890,4.194,3.756,10,0,3,518.453,1.728
step/hold/constant/nearest,6,24122,7,2.360,2.954,8.727,0.603,0.979,1.599,2.344,3.669,4.023,4.016,10,0,3,706.484,2.355
poly3/power/constant/bilinear,6,24122,7,2.361,3.116,9.761,0.561,0.836,1.415,2.549,3.899,4.156,3.768,10,0,3,516.000,1.720
poly3/power/measured/bilinear,6,24122,7,2.361,3.116,9.761,0.561,0.836,1.415,2.549,3.899,4.156,3.768,10,0,3,515.985,1.720
pchip/power/measured/bilinear,6,24122,7,2.364,3.121,9.778,0.561,0.831,1.417,2.551,3.906,4.170,3.772,10,0,3,517.290,1.724
pchip/power/constant/bilinear,6,24122,7,2.364,3.121,9.778,0.561,0.831,1.417,2.551,3.906,4.170,3.772,10,0,3,517.309,1.724
spline/hold/measured/nearest,6,24122,7,2.365,2.961,8.680,0.603,0.971,1.586,2.346,3.680,4.030,4.062,10,0,3,709.145,2.364
spline/hold/constant/nearest,6,24122,7,2.365,2.961,8.680,0.603,0.971,1.586,2.346,3.680,4.030,4.062,10,0,3,709.136,2.364
spline/power/measured/bilinear,6,24122,7,2.369,3.124,9.743,0.561,0.833,1.419,2.551,3.910,4.172,3.807,10,0,3,520.030,1.733
spline/power/constant/bilinear,6,24122,7,2.369,3.124,9.743,0.561,0.833,1.419,2.551,3.910,4.172,3.807,10,0,3,520.026,1.733
poly3/power/constant/nearest,6,24122,7,2.382,3.020,8.985,0.577,0.895,1.575,2.494,3.770,4.077,3.985,10,0,2,652.680,2.176
poly3/power/measured/nearest,6,24122,7,2.382,3.020,8.985,0.577,0.895,1.575,2.494,3.770,4.077,3.985,10,0,2,652.675,2.176
step/power/measured/nearest,6,24122,7,2.387,3.028,9.033,0.577,0.898,1.596,2.490,3.770,4.087,3.996,10,0,2,901.303,3.004
linear/power/constant/nearest,6,24122,7,2.387,3.031,9.076,0.577,0.898,1.571,2.488,3.771,4.117,3.998,10,0,2,899.880,3.000
linear/power/measured/nearest,6,24122,7,2.388,3.031,9.076,0.577,0.898,1.571,2.488,3.771,4.117,3.998,10,0,2,899.877,3.000
pchip/power/measured/nearest,6,24122,7,2.389,3.031,9.019,0.577,0.892,1.579,2.497,3.777,4.094,4.017,10,0,2,896.938,2.990
pchip/power/constant/nearest,6,24122,7,2.389,3.031,9.019,0.577,0.892,1.579,2.497,3.777,4.094,4.017,10,0,2,896.943,2.990
step/power/constant/nearest,6,24122,7,2.389,3.030,9.038,0.577,0.898,1.596,2.494,3.774,4.089,3.998,10,0,2,901.120,3.004
spline/power/measured/nearest,6,24122,7,2.395,3.036,8.986,0.577,0.895,1.587,2.498,3.786,4.096,4.041,10,0,2,903.070,3.010
spline/power/constant/nearest,6,24122,7,2.395,3.036,8.986,0.577,0.895,1.587,2.498,3.786,4.096,4.041,10,0,2,903.077,3.010
poly3/observed/constant/bilinear,6,24122,7,2.489,3.314,10.236,0.555,0.840,1.500,2.769,4.136,4.373,3.935,10,0,3,473.111,1.577
poly3/observed/measured/bilinear,6,24122,7,2.489,3.314,10.236,0.555,0.840,1.500,2.769,4.136,4.373,3.935,10,0,3,473.106,1.577
pchip/observed/measured/nearest,6,24122,7,2.503,3.208,9.589,0.669,0.907,1.623,2.749,3.987,4.244,4.022,10,0,2,864.777,2.883
pchip/observed/constant/nearest,6,24122,7,2.503,3.208,9.589,0.669,0.907,1.623,2.749,3.987,4.244,4.022,10,0,2,864.763,2.883
poly3/observed/constant/nearest,6,24122,7,2.507,3.216,9.570,0.587,0.907,1.638,2.733,4.013,4.285,4.089,10,0,1,900.000,3.000
poly3/observed/measured/nearest,6,24122,7,2.507,3.216,9.570,0.587,0.907,1.638,2.733,4.013,4.285,4.089,10,0,1,899.996,3.000
spline/observed/measured/nearest,6,24122,7,2.525,3.232,9.611,0.705,0.927,1.636,2.776,4.012,4.257,4.044,10,0,2,857.620,2.859
spline/observed/constant/nearest,6,24122,7,2.525,3.232,9.611,0.705,0.927,1.636,2.776,4.012,4.257,4.044,10,0,2,857.609,2.859
pchip/observed/measured/bilinear,6,24122,7,2.528,3.342,10.348,0.662,0.885,1.568,2.824,4.161,4.367,3.876,9,1,3,457.039,1.523
pchip/observed/constant/bilinear,6,24122,7,2.528,3.342,10.348,0.662,0.885,1.568,2.824,4.161,4.367,3.876,9,1,3,457.047,1.523
spline/observed/measured/bilinear,6,24122,7,2.556,3.366,10.355,0.694,0.917,1.601,2.855,4.187,4.377,3.911,9,1,3,449.461,1.498
spline/observed/constant/bilinear,6,24122,7,2.556,3.366,10.355,0.694,0.917,1.601,2.855,4.187,4.377,3.911,9,1,3,449.454,1.498
linear/observed/constant/nearest,6,24122,7,2.573,3.257,9.756,0.865,1.070,1.705,2.836,4.001,4.245,3.912,10,0,2,795.226,2.651
linear/observed/measured/nearest,6,24122,7,2.573,3.257,9.756,0.865,1.070,1.705,2.836,4.001,4.245,3.912,10,0,2,795.212,2.651
step/observed/measured/nearest,6,24122,7,2.574,3.257,9.738,0.865,1.070,1.725,2.837,4.004,4.220,3.911,10,0,2,806.819,2.689
step/observed/constant/nearest,6,24122,7,2.575,3.259,9.743,0.865,1.070,1.726,2.840,4.008,4.223,3.913,10,0,2,808.465,2.695
poly3/zero/constant/nearest,6,24122,7,2.629,3.331,9.736,0.775,1.023,1.757,2.883,4.125,4.377,4.146,10,0,2,878.701,2.929
poly3/zero/measured/nearest,6,24122,7,2.629,3.331,9.737,0.775,1.023,1.757,2.883,4.125,4.377,4.146,10,0,2,878.697,2.929
poly3/zero/constant/bilinear,6,24122,7,2.638,3.455,10.444,0.746,0.964,1.685,2.941,4.280,4.490,4.024,10,0,3,458.290,1.528
poly3/zero/measured/bilinear,6,24122,7,2.638,3.455,10.444,0.746,0.964,1.685,2.941,4.280,4.490,4.024,10,0,3,458.282,1.528
step/observed/measured/bilinear,6,24122,7,2.646,3.423,10.516,0.865,1.081,1.757,2.971,4.231,4.377,3.820,10,0,3,459.920,1.533
step/observed/constant/bilinear,6,24122,7,2.647,3.425,10.520,0.865,1.081,1.758,2.972,4.234,4.379,3.822,10,0,3,459.361,1.531
linear/observed/constant/bilinear,6,24122,7,2.647,3.428,10.576,0.865,1.081,1.738,2.968,4.234,4.409,3.822,10,0,3,452.187,1.507
linear/observed/measured/bilinear,6,24122,7,2.647,3.428,10.576,0.865,1.081,1.738,2.968,4.234,4.409,3.822,10,0,3,452.207,1.507
pchip/zero/measured/nearest,6,24122,7,2.669,3.355,9.804,0.911,1.114,1.802,2.931,4.123,4.356,4.090,10,0,2,844.698,2.816
pchip/zero/constant/nearest,6,24122,7,2.669,3.355,9.804,0.911,1.114,1.802,2.931,4.123,4.356,4.090,10,0,2,844.694,2.816
spline/zero/measured/nearest,6,24122,7,2.717,3.393,9.820,0.991,1.178,1.851,2.976,4.160,4.378,4.122,10,0,2,835.799,2.786
spline/zero/constant/nearest,6,24122,7,2.717,3.393,9.820,0.991,1.178,1.851,2.976,4.160,4.378,4.122,10,0,2,835.807,2.786
pchip/zero/measured/bilinear,6,24122,7,2.726,3.514,10.592,0.905,1.103,1.805,3.045,4.338,4.513,3.989,10,0,3,462.674,1.542
pchip/zero/constant/bilinear,6,24122,7,2.726,3.514,10.592,0.905,1.103,1.805,3.045,4.338,4.513,3.989,10,0,3,462.675,1.542
spline/zero/constant/bilinear,6,24122,7,2.777,3.556,10.613,0.977,1.166,1.863,3.100,4.378,4.534,4.031,10,0,3,456.923,1.523
spline/zero/measured/bilinear,6,24122,7,2.777,3.556,10.613,0.977,1.166,1.863,3.100,4.378,4.534,4.031,10,0,3,456.928,1.523
linear/zero/constant/nearest,6,24122,7,2.833,3.482,10.021,1.223,1.404,2.027,3.108,4.201,4.407,4.025,10,0,2,805.573,2.685
linear/zero/measured/nearest,6,24122,7,2.833,3.482,10.021,1.223,1.404,2.027,3.108,4.201,4.407,4.025,10,0,2,805.584,2.685
step/zero/measured/nearest,6,24122,7,2.833,3.482,9.992,1.223,1.404,2.048,3.110,4.202,4.382,4.024,9,1,2,848.335,2.828
step/zero/constant/nearest,6,24122,7,2.835,3.484,9.998,1.223,1.404,2.049,3.113,4.206,4.385,4.026,9,1,2,848.014,2.827
step/zero/measured/bilinear,6,24122,7,2.940,3.679,10.841,1.221,1.411,2.094,3.297,4.501,4.600,3.996,10,0,2,468.055,1.560
linear/zero/constant/bilinear,6,24122,7,2.941,3.683,10.901,1.221,1.411,2.074,3.294,4.502,4.628,3.997,10,0,2,459.385,1.531
linear/zero/measured/bilinear,6,24122,7,2.941,3.683,10.901,1.221,1.411,2.074,3.294,4.503,4.628,3.997,10,0,2,459.378,1.531
step/zero/constant/bilinear,6,24122,7,2.941,3.681,10.845,1.221,1.411,2.094,3.298,4.503,4.601,3.997,10,0,2,467.503,1.558
step/observed/constant/bilinear,6,32540,7,3.424,4.737,14.913,1.075,1.214,1.853,3.023,4.121,5.871,6.812,15,1,1,1833.472,6.112
step/observed/measured/bilinear,6,32540,7,3.424,4.738,14.900,1.075,1.214,1.855,3.025,4.119,5.870,6.813,15,1,1,1834.536,6.115
linear/observed/constant/bilinear,6,32540,7,3.430,4.743,14.913,1.075,1.213,1.860,3.023,4.121,5.907,6.811,14,2,1,1844.471,6.148
linear/observed/measured/bilinear,6,32540,7,3.430,4.743,14.913,1.075,1.213,1.860,3.023,4.121,5.907,6.811,14,2,1,1844.477,6.148
spline/observed/measured/bilinear,6,32540,7,3.430,4.726,15.047,1.096,1.110,1.850,3.068,4.176,5.865,6.847,16,0,1,1658.733,5.529
spline/observed/constant/bilinear,6,32540,7,3.430,4.726,15.047,1.096,1.110,1.850,3.068,4.176,5.865,6.847,16,0,1,1658.780,5.529
pchip/observed/measured/bilinear,6,32540,7,3.438,4.701,14.982,1.187,1.174,1.821,3.043,4.184,5.860,6.799,16,0,1,1689.297,5.631
pchip/observed/constant/bilinear,6,32540,7,3.438,4.701,14.982,1.187,1.174,1.821,3.043,4.184,5.860,6.799,16,0,1,1689.313,5.631
spline/zero/measured/bilinear,6,32540,7,3.469,4.764,14.975,1.150,1.137,1.920,3.117,4.215,5.884,6.859,15,1,1,1779.232,5.931
spline/zero/constant/bilinear,6,32540,7,3.469,4.764,14.975,1.150,1.137,1.920,3.117,4.215,5.884,6.859,15,1,1,1779.210,5.931
pchip/zero/measured/bilinear,6,32540,7,3.473,4.734,14.905,1.229,1.201,1.883,3.088,4.219,5.878,6.813,15,1,1,1750.484,5.835
pchip/zero/constant/bilinear,6,32540,7,3.473,4.734,14.905,1.229,1.201,1.883,3.088,4.219,5.878,6.813,15,1,1,1750.497,5.835
step/zero/constant/bilinear,6,32540,7,3.478,4.791,14.823,1.150,1.265,1.947,3.087,4.174,5.898,6.827,13,3,1,1999.902,6.666
step/zero/measured/bilinear,6,32540,7,3.478,4.792,14.811,1.150,1.265,1.949,3.089,4.173,5.896,6.827,13,3,1,2000.142,6.667
poly3/observed/constant/bilinear,6,32540,7,3.484,4.734,15.184,1.129,1.160,1.896,3.138,4.261,5.932,6.872,15,1,1,1334.607,4.449
poly3/observed/measured/bilinear,6,32540,7,3.484,4.734,15.184,1.129,1.160,1.896,3.138,4.261,5.932,6.872,15,1,1,1334.615,4.449
linear/zero/constant/bilinear,6,32540,7,3.484,4.797,14.824,1.150,1.265,1.955,3.088,4.174,5.933,6.826,13,3,1,1968.820,6.563
linear/zero/measured/bilinear,6,32540,7,3.484,4.797,14.824,1.150,1.265,1.955,3.088,4.174,5.933,6.827,13,3,1,1968.827,6.563
poly3/zero/constant/bilinear,6,32540,7,3.517,4.758,15.123,1.174,1.202,1.951,3.177,4.291,5.944,6.879,15,1,1,1371.890,4.573
poly3/zero/measured/bilinear,6,32540,7,3.517,4.758,15.123,1.174,1.202,1.951,3.177,4.291,5.944,6.879,15,1,1,1371.900,4.573
spline/power/measured/bilinear,6,32540,7,3.568,4.744,14.538,1.439,1.494,1.970,3.222,4.333,5.803,6.719,14,2,1,2016.813,6.723
spline/power/constant/bilinear,6,32540,7,3.568,4.744,14.538,1.439,1.494,1.970,3.222,4.333,5.803,6.719,14,2,1,2016.817,6.723
poly3/power/constant/bilinear,6,32540,7,3.570,4.749,14.700,1.439,1.518,1.973,3.219,4.344,5.813,6.686,14,2,1,2007.248,6.691
poly3/power/measured/bilinear,6,32540,7,3.570,4.749,14.700,1.439,1.518,1.973,3.219,4.344,5.813,6.686,14,2,1,2007.255,6.691
pchip/power/measured/bilinear,6,32540,7,3.572,4.741,14.444,1.439,1.497,1.977,3.225,4.343,5.818,6.702,14,2,1,2014.767,6.716
pchip/power/constant/bilinear,6,32540,7,3.572,4.741,14.444,1.439,1.497,1.977,3.225,4.343,5.818,6.702,14,2,1,2014.767,6.716
step/power/measured/bilinear,6,32540,7,3.581,4.737,14.421,1.439,1.458,1.994,3.247,4.376,5.838,6.712,14,2,1,2037.396,6.791
step/power/constant/bilinear,6,32540,7,3.581,4.737,14.434,1.439,1.458,1.994,3.248,4.377,5.840,6.713,14,2,1,2038.401,6.795
linear/power/constant/bilinear,6,32540,7,3.587,4.742,14.434,1.439,1.458,2.006,3.250,4.377,5.866,6.713,14,2,1,2038.074,6.794
linear/power/measured/bilinear,6,32540,7,3.587,4.742,14.434,1.439,1.458,2.006,3.250,4.377,5.866,6.713,14,2,1,2038.067,6.794
spline/hold/measured/bilinear,6,32540,7,3.681,4.780,14.409,1.637,1.700,2.112,3.348,4.440,5.821,6.707,14,2,1,2118.405,7.061
spline/hold/constant/bilinear,6,32540,7,3.681,4.780,14.409,1.637,1.700,2.112,3.348,4.440,5.821,6.707,14,2,1,2118.406,7.061
pchip/hold/measured/bilinear,6,32540,7,3.685,4.779,14.315,1.637,1.702,2.123,3.354,4.451,5.836,6.690,14,2,1,2120.337,7.068
pchip/hold/constant/bilinear,6,32540,7,3.685,4.779,14.315,1.637,1.702,2.123,3.354,4.451,5.836,6.690,14,2,1,2120.335,7.068
poly3/hold/constant/bilinear,6,32540,7,3.685,4.788,14.571,1.637,1.726,2.123,3.350,4.453,5.832,6.673,14,2,1,2101.178,7.004
poly3/hold/measured/bilinear,6,32540,7,3.685,4.788,14.571,1.637,1.726,2.123,3.350,4.453,5.832,6.673,14,2,1,2101.187,7.004
step/hold/measured/bilinear,6,32540,7,3.696,4.778,14.292,1.637,1.665,2.139,3.380,4.485,5.860,6.704,13,3,1,1841.550,6.139
step/hold/constant/bilinear,6,32540,7,3.697,4.778,14.305,1.637,1.665,2.140,3.381,4.487,5.862,6.705,13,3,1,1842.191,6.141
linear/hold/measured/bilinear,6,32540,7,3.702,4.783,14.305,1.637,1.665,2.154,3.383,4.487,5.887,6.705,13,3,1,1837.716,6.126
linear/hold/constant/bilinear,6,32540,7,3.702,4.783,14.305,1.637,1.665,2.154,3.383,4.487,5.887,6.705,13,3,1,1837.716,6.126
step/observed/constant/nearest,6,32540,7,3.845,4.859,13.097,1.138,1.505,2.359,3.866,4.944,6.125,6.976,14,2,2,2664.796,8.883
step/observed/measured/nearest,6,32540,7,3.846,4.861,13.098,1.138,1.505,2.361,3.867,4.946,6.127,6.978,14,2,2,2666.131,8.887
step/zero/constant/nearest,6,32540,7,3.849,4.851,12.799,1.203,1.512,2.390,3.865,4.947,6.102,6.922,15,1,2,2196.260,7.321
step/zero/measured/nearest,6,32540,7,3.850,4.853,12.800,1.203,1.512,2.392,3.866,4.948,6.104,6.925,15,1,2,2197.440,7.325
linear/observed/constant/nearest,6,32540,7,3.854,4.866,13.106,1.138,1.505,2.388,3.871,4.944,6.154,6.976,14,2,2,2753.548,9.178
linear/observed/measured/nearest,6,32540,7,3.854,4.866,13.106,1.138,1.505,2.388,3.871,4.944,6.154,6.976,14,2,2,2753.636,9.179
linear/zero/constant/nearest,6,32540,7,3.858,4.858,12.808,1.203,1.512,2.419,3.870,4.947,6.131,6.923,15,1,2,2176.069,7.254
linear/zero/measured/nearest,6,32540,7,3.858,4.858,12.808,1.203,1.512,2.419,3.870,4.947,6.131,6.923,15,1,2,2176.106,7.254
spline/zero/measured/nearest,6,32540,7,3.895,4.871,12.889,1.272,1.550,2.445,3.958,5.052,6.099,6.888,14,2,2,2316.329,7.721
spline/zero/constant/nearest,6,32540,7,3.895,4.871,12.889,1.272,1.550,2.445,3.958,5.052,6.099,6.888,14,2,2,2316.337,7.721
spline/observed/measured/nearest,6,32540,7,3.899,4.886,13.130,1.235,1.562,2.428,3.962,5.052,6.119,6.932,14,2,2,2360.778,7.869
spline/observed/constant/nearest,6,32540,7,3.899,4.886,13.130,1.235,1.562,2.428,3.962,5.052,6.119,6.932,14,2,2,2360.778,7.869
pchip/observed/constant/nearest,6,32540,7,3.902,4.872,13.123,1.301,1.594,2.434,3.966,5.048,6.096,6.876,14,2,2,2385.908,7.953
pchip/observed/measured/nearest,6,32540,7,3.902,4.872,13.123,1.301,1.594,2.434,3.966,5.048,6.096,6.876,14,2,2,2385.908,7.953
pchip/zero/constant/nearest,6,32540,7,3.903,4.860,12.914,1.332,1.587,2.455,3.970,5.057,6.086,6.833,14,2,2,2362.275,7.874
pchip/zero/measured/nearest,6,32540,7,3.903,4.860,12.914,1.332,1.587,2.455,3.970,5.057,6.086,6.833,14,2,2,2362.283,7.874
poly3/zero/constant/nearest,6,32540,7,3.985,4.945,13.083,1.364,1.672,2.559,4.095,5.179,6.162,6.863,14,2,2,2400.412,8.001
poly3/zero/measured/nearest,6,32540,7,3.985,4.945,13.083,1.364,1.672,2.559,4.095,5.180,6.162,6.863,14,2,2,2400.410,8.001
poly3/observed/constant/nearest,6,32540,7,3.993,4.963,13.280,1.355,1.689,2.550,4.100,5.180,6.179,6.899,15,1,2,2294.467,7.648
poly3/observed/measured/nearest,6,32540,7,3.993,4.963,13.280,1.355,1.689,2.550,4.100,5.180,6.179,6.899,15,1,2,2294.469,7.648
pchip/power/constant/nearest,6,32540,7,4.151,5.017,13.291,1.752,2.041,2.817,4.310,5.358,6.052,6.731,13,3,1,2741.747,9.139
pchip/power/measured/nearest,6,32540,7,4.151,5.017,13.291,1.752,2.041,2.817,4.310,5.358,6.052,6.731,13,3,1,2741.754,9.139
poly3/power/constant/nearest,6,32540,7,4.153,5.019,13.305,1.752,2.055,2.820,4.310,5.354,6.039,6.740,14,2,1,2974.959,9.917
poly3/power/measured/nearest,6,32540,7,4.153,5.019,13.305,1.752,2.055,2.820,4.310,5.354,6.039,6.740,14,2,1,2974.962,9.917
spline/power/constant/nearest,6,32540,7,4.154,5.022,13.275,1.752,2.045,2.812,4.306,5.358,6.044,6.760,13,3,1,2740.094,9.134
spline/power/measured/nearest,6,32540,7,4.154,5.022,13.275,1.752,2.045,2.812,4.306,5.358,6.044,6.760,13,3,1,2740.093,9.134
step/power/constant/nearest,6,32540,7,4.164,5.030,13.356,1.752,2.041,2.834,4.345,5.379,6.066,6.729,13,3,1,2749.597,9.165
step/power/measured/nearest,6,32540,7,4.164,5.031,13.358,1.752,2.041,2.835,4.345,5.379,6.066,6.730,13,3,1,2749.333,9.164
linear/power/measured/nearest,6,32540,7,4.173,5.037,13.365,1.752,2.040,2.866,4.351,5.380,6.091,6.732,13,3,1,2750.799,9.169
linear/power/constant/nearest,6,32540,7,4.173,5.037,13.365,1.752,2.040,2.866,4.351,5.380,6.091,6.732,13,3,1,2750.800,9.169
pchip/hold/constant/nearest,6,32540,7,4.328,5.149,13.475,2.032,2.337,3.062,4.524,5.540,6.091,6.713,13,3,1,2829.300,9.431
pchip/hold/measured/nearest,6,32540,7,4.328,5.149,13.475,2.032,2.337,3.062,4.524,5.540,6.091,6.713,13,3,1,2829.297,9.431
spline/hold/constant/nearest,6,32540,7,4.330,5.154,13.460,2.032,2.340,3.055,4.519,5.539,6.082,6.741,13,3,1,2826.592,9.422
spline/hold/measured/nearest,6,32540,7,4.330,5.154,13.460,2.032,2.340,3.055,4.519,5.539,6.082,6.741,13,3,1,2826.590,9.422
poly3/hold/constant/nearest,6,32540,7,4.330,5.152,13.490,2.032,2.351,3.066,4.524,5.537,6.078,6.722,13,3,1,2825.049,9.417
poly3/hold/measured/nearest,6,32540,7,4.330,5.152,13.490,2.032,2.351,3.066,4.524,5.537,6.078,6.722,13,3,1,2825.053,9.417
step/hold/constant/nearest,6,32540,7,4.342,5.167,13.540,2.032,2.334,3.080,4.561,5.563,6.107,6.718,13,3,1,3364.119,11.214
step/hold/measured/nearest,6,32540,7,4.342,5.168,13.542,2.032,2.334,3.080,4.560,5.563,6.108,6.719,13,3,1,3363.069,11.210
linear/hold/measured/nearest,6,32540,7,4.351,5.172,13.550,2.032,2.333,3.112,4.565,5.563,6.130,6.720,13,3,1,2838.480,9.462
linear/hold/constant/nearest,6,32540,7,4.351,5.172,13.550,2.032,2.333,3.112,4.565,5.563,6.130,6.720,13,3,1,2838.478,9.462
